month,repos,commits,insertions,deletions,total_msg_chars,avg_insertions,avg_deletions,avg_msg_length
2024-07,12,85,2720,723,4947,32.0,8.5,58.2
2024-08,12,148,6734,2694,7814,45.5,18.2,52.8
2024-09,12,195,10199,4310,9828,52.3,22.1,50.4
2024-10,12,220,8404,3190,12122,38.2,14.5,55.1
2024-11,12,185,7918,3571,9546,42.8,19.3,51.6
2024-12,12,158,5451,1928,7789,34.5,12.2,49.3
2025-01,12,155,7471,3953,8122,48.2,25.5,52.4
2025-02,12,200,11160,5680,9700,55.8,28.4,48.5
2025-03,12,175,10903,6143,8085,62.3,35.1,46.2
2025-04,12,165,9653,5082,7887,58.5,30.8,47.8
2025-05,12,145,7279,3190,7323,50.2,22.0,50.5
2025-06,12,170,7616,3145,9401,44.8,18.5,55.3
2025-07,12,112,4514,1770,5958,40.3,15.8,53.2
2025-08,12,132,5082,1637,6838,38.5,12.4,51.8
2025-09,12,175,9695,4410,10115,55.4,25.2,57.8
2025-10,12,210,14322,6825,11466,68.2,32.5,54.6
2025-11,12,195,14138,7449,11954,72.5,38.2,61.3
2025-12,12,158,9196,3239,8453,58.2,20.5,53.5
2026-01,12,215,20512,9718,13438,95.4,45.2,62.5
2026-02,12,248,30455,14508,16170,122.8,58.5,65.2
2026-03,12,268,39798,19377,18331,148.5,72.3,68.4
2026-04,12,285,47937,25223,20378,168.2,88.5,71.5
2026-05,12,298,55279,28548,22112,185.5,95.8,74.2
2026-06,12,98,18855,10045,7526,192.4,102.5,76.8
